<ImportExportXml xmlns:xsi="http://www.w3.org/2001/XMLSchema-instance" OrganizationVersion="9.2.25104.169" OrganizationSchemaType="Standard" CRMServerServiceabilityVersion="9.2.25104.00169">
  <Entities></Entities>
  <Roles></Roles>
  <Workflows>
    <Workflow WorkflowId="{099d7743-15d6-f011-8544-6045bd05edcc}" Name="When a new email arrives (V3)" Description="Trigger your agent with certain message upon event: When a new email arrives (V3).">
      <JsonFileName>/Workflows/WhenanewemailarrivesV3-099D7743-15D6-F011-8544-6045BD05EDCC.json</JsonFileName>
      <Type>1</Type>
      <Subprocess>0</Subprocess>
      <Category>5</Category>
      <Mode>0</Mode>
      <Scope>4</Scope>
      <OnDemand>0</OnDemand>
      <TriggerOnCreate>0</TriggerOnCreate>
      <TriggerOnDelete>0</TriggerOnDelete>
      <AsyncAutodelete>0</AsyncAutodelete>
      <SyncWorkflowLogOnFailure>0</SyncWorkflowLogOnFailure>
      <StateCode>1</StateCode>
      <StatusCode>2</StatusCode>
      <RunAs>1</RunAs>
      <IsTransacted>1</IsTransacted>
      <IntroducedVersion>1.0.0.0</IntroducedVersion>
      <IsCustomizable>1</IsCustomizable>
      <BusinessProcessType>0</BusinessProcessType>
      <IsCustomProcessingStepAllowedForOtherPublishers>1</IsCustomProcessingStepAllowedForOtherPublishers>
      <ModernFlowType>0</ModernFlowType>
      <PrimaryEntity>none</PrimaryEntity>
      <LocalizedNames>
        <LocalizedName languagecode="1033" description="When a new email arrives (V3)" />
      </LocalizedNames>
      <Descriptions>
        <Description languagecode="1033" description="Trigger your agent with certain message upon event: When a new email arrives (V3)." />
      </Descriptions>
    </Workflow>
  </Workflows>
  <FieldSecurityProfiles></FieldSecurityProfiles>
  <Templates />
  <EntityMaps />
  <EntityRelationships />
  <OrganizationSettings />
  <optionsets />
  <CustomControls />
  <EntityDataProviders />
  <connectionreferences>
    <connectionreference connectionreferencelogicalname="auto_agent_SEg8B.shared_office365.10bde9896f044dae8ab2f011ec5e5fd9">
      <connectionreferencedisplayname>auto_agent_SEg8B.shared_office365.10bde9896f044dae8ab2f011ec5e5fd9</connectionreferencedisplayname>
      <connectorid>/providers/Microsoft.PowerApps/apis/shared_office365</connectorid>
      <iscustomizable>0</iscustomizable>
      <promptingbehavior>0</promptingbehavior>
      <statecode>0</statecode>
      <statuscode>1</statuscode>
    </connectionreference>
    <connectionreference connectionreferencelogicalname="crcf5_bcMcpAgentSimpleHtml.shared_office365.10bde9896f044dae8ab2f011ec5e5fd9">
      <connectionreferencedisplayname>crcf5_bcMcpAgentSimpleHtml.shared_office365.10bde9896f044dae8ab2f011ec5e5fd9</connectionreferencedisplayname>
      <connectorid>/providers/Microsoft.PowerApps/apis/shared_office365</connectorid>
      <iscustomizable>0</iscustomizable>
      <promptingbehavior>0</promptingbehavior>
      <statecode>0</statecode>
      <statuscode>1</statuscode>
    </connectionreference>
    <connectionreference connectionreferencelogicalname="crcf5_sharedmicrosoftcopilotstudio_1c99e">
      <connectionreferencedisplayname>Microsoft Copilot Studio Cr99f92-1c99e</connectionreferencedisplayname>
      <connectorid>/providers/Microsoft.PowerApps/apis/shared_microsoftcopilotstudio</connectorid>
      <iscustomizable>1</iscustomizable>
      <promptingbehavior>0</promptingbehavior>
      <statecode>0</statecode>
      <statuscode>1</statuscode>
    </connectionreference>
  </connectionreferences>
  <Languages>
    <Language>1033</Language>
  </Languages>
</ImportExportXml>