<botcomponent_connectionreferenceset>
  <botcomponent_connectionreference botcomponentid.schemaname="auto_agent_SEg8B.action.Office365Outlook-GetemailsV3" connectionreferenceid.connectionreferencelogicalname="auto_agent_SEg8B.shared_office365.10bde9896f044dae8ab2f011ec5e5fd9">
    <iscustomizable>1</iscustomizable>
  </botcomponent_connectionreference>
  <botcomponent_connectionreference botcomponentid.schemaname="auto_agent_SEg8B.action.Office365Outlook-MarkasreadorunreadV3" connectionreferenceid.connectionreferencelogicalname="auto_agent_SEg8B.shared_office365.10bde9896f044dae8ab2f011ec5e5fd9">
    <iscustomizable>1</iscustomizable>
  </botcomponent_connectionreference>
  <botcomponent_connectionreference botcomponentid.schemaname="auto_agent_SEg8B.action.Office365Outlook-MeetingManagementMCPServer" connectionreferenceid.connectionreferencelogicalname="auto_agent_SEg8B.shared_office365.10bde9896f044dae8ab2f011ec5e5fd9">
    <iscustomizable>1</iscustomizable>
  </botcomponent_connectionreference>
  <botcomponent_connectionreference botcomponentid.schemaname="auto_agent_SEg8B.action.Office365Outlook-MoveemailV2" connectionreferenceid.connectionreferencelogicalname="auto_agent_SEg8B.shared_office365.10bde9896f044dae8ab2f011ec5e5fd9">
    <iscustomizable>1</iscustomizable>
  </botcomponent_connectionreference>
  <botcomponent_connectionreference botcomponentid.schemaname="auto_agent_SEg8B.action.Office365Outlook-ReplytoemailV3" connectionreferenceid.connectionreferencelogicalname="auto_agent_SEg8B.shared_office365.10bde9896f044dae8ab2f011ec5e5fd9">
    <iscustomizable>1</iscustomizable>
  </botcomponent_connectionreference>
</botcomponent_connectionreferenceset>